active_features,avg_mask_prob,epoch,recon_loss,sparsity_loss,step,train_loss,val_loss
28.0,0.48970258235931396,0,0.01618868298828602,0.48970258235931396,49,0.018637195229530334,
33.0,0.48299461603164673,0,0.012144339270889759,0.48299461603164673,99,0.014559311792254448,
30.0,0.480406790971756,0,0.00808591116219759,0.480406790971756,149,0.010487944819033146,
31.0,0.4768109917640686,0,0.0078956950455904,0.4768109917640686,199,0.01027975045144558,
,,0,,,227,,0.010948632843792439
32.0,0.472015917301178,1,0.006826081313192844,0.472015917301178,249,0.009186160750687122,
34.0,0.4675867259502411,1,0.00647773826494813,0.4675867259502411,299,0.008815672248601913,
29.0,0.46289798617362976,1,0.005826518405228853,0.46289798617362976,349,0.008141008205711842,
29.0,0.45889797806739807,1,0.00589760672301054,0.45889797806739807,399,0.008192096836864948,
24.0,0.454214483499527,1,0.005716427695006132,0.454214483499527,449,0.007987500168383121,
,,1,,,455,,0.008747578598558903
31.0,0.4504607021808624,2,0.007025294937193394,0.4504607021808624,499,0.009277598932385445,
22.0,0.4470633268356323,2,0.006325459573417902,0.4470633268356323,549,0.008560776710510254,
21.0,0.4450782835483551,2,0.007237487472593784,0.4450782835483551,599,0.009462879039347172,
18.0,0.4423922896385193,2,0.007390509359538555,0.4423922896385193,649,0.009602470323443413,
,,2,,,683,,0.007029350381344557
22.0,0.4394058883190155,3,0.00806372333317995,0.4394058883190155,699,0.010260752402245998,
22.0,0.43715959787368774,3,0.005469674244523048,0.43715959787368774,749,0.007655472494661808,
25.0,0.43503281474113464,3,0.0060768211260437965,0.43503281474113464,799,0.008251985535025597,
31.0,0.4333970844745636,3,0.005323796067386866,0.4333970844745636,849,0.007490781135857105,
30.0,0.4317185580730438,3,0.006170919165015221,0.4317185580730438,899,0.008329511620104313,
,,3,,,911,,0.006804753094911575
26.0,0.428915798664093,4,0.004783180076628923,0.428915798664093,949,0.0069277589209377766,
22.0,0.4257739186286926,4,0.00686129555106163,0.4257739186286926,999,0.00899016484618187,
28.0,0.42471322417259216,4,0.00554042449221015,0.42471322417259216,1049,0.007663990370929241,
19.0,0.42401498556137085,4,0.006407315377146006,0.42401498556137085,1099,0.008527390658855438,
,,4,,,1139,,0.007027527317404747
20.0,0.421347975730896,5,0.005793905351310968,0.421347975730896,1149,0.007900645025074482,
23.0,0.4198926091194153,5,0.005978701636195183,0.4198926091194153,1199,0.008078164421021938,
31.0,0.41860806941986084,5,0.005416941829025745,0.41860806941986084,1249,0.007509982213377953,
20.0,0.41673383116722107,5,0.006157501135021448,0.41673383116722107,1299,0.008241170085966587,
23.0,0.4149296283721924,5,0.006089378148317337,0.4149296283721924,1349,0.008164025843143463,
,,5,,,1367,,0.0067517939023673534
29.0,0.41462811827659607,6,0.005121549591422081,0.41462811827659607,1399,0.007194690406322479,
25.0,0.41272735595703125,6,0.005116708111017942,0.41272735595703125,1449,0.00718034477904439,
23.0,0.4124622941017151,6,0.005469846073538065,0.4124622941017151,1499,0.007532157469540834,
21.0,0.4114278554916382,6,0.006347801070660353,0.4114278554916382,1549,0.008404940366744995,
,,6,,,1595,,0.006824017036706209
27.0,0.4103042185306549,7,0.004125271923840046,0.4103042185306549,1599,0.0061767930164933205,
26.0,0.4093964099884033,7,0.004963918123394251,0.4093964099884033,1649,0.007010900415480137,
22.0,0.4087566137313843,7,0.006441872101277113,0.4087566137313843,1699,0.008485655300319195,
29.0,0.40772366523742676,7,0.004690711852163076,0.40772366523742676,1749,0.006729329936206341,
25.0,0.4070870280265808,7,0.004662400111556053,0.4070870280265808,1799,0.006697835400700569,
,,7,,,1823,,0.0066101341508328915
19.0,0.40595847368240356,8,0.008388635702431202,0.40595847368240356,1849,0.010418428108096123,
27.0,0.40590766072273254,8,0.005633063148707151,0.40590766072273254,1899,0.007662601303309202,
29.0,0.40599215030670166,8,0.005307546351104975,0.40599215030670166,1949,0.007337506860494614,
23.0,0.4050554037094116,8,0.0061583914794027805,0.4050554037094116,1999,0.008183668367564678,
24.0,0.4050820767879486,8,0.006019663531333208,0.4050820767879486,2049,0.008045073598623276,
,,8,,,2051,,0.0066640484146773815
21.0,0.40445655584335327,9,0.0055440980941057205,0.40445655584335327,2099,0.007566380780190229,
23.0,0.4041247069835663,9,0.005396588239818811,0.4041247069835663,2149,0.007417211774736643,
28.0,0.4038284420967102,9,0.004374079871922731,0.4038284420967102,2199,0.006393222138285637,
22.0,0.40336480736732483,9,0.004318992607295513,0.40336480736732483,2249,0.006335816346108913,
,,9,,,2279,,0.006479714065790176
25.0,0.40248146653175354,10,0.0042938352562487125,0.40248146653175354,2299,0.006306242197751999,
19.0,0.40232130885124207,10,0.0061040520668029785,0.40232130885124207,2349,0.008115658536553383,
17.0,0.40211644768714905,10,0.006712695583701134,0.40211644768714905,2399,0.008723277598619461,
21.0,0.4025946855545044,10,0.00522391963750124,0.4025946855545044,2449,0.00723689328879118,
31.0,0.40207600593566895,10,0.004640540108084679,0.40207600593566895,2499,0.006650920026004314,
,,10,,,2507,,0.006010159384459257
24.0,0.4018743336200714,11,0.005434856284409761,0.4018743336200714,2549,0.007444228045642376,
22.0,0.40269172191619873,11,0.005537430290132761,0.40269172191619873,2599,0.007550888694822788,
21.0,0.4021894633769989,11,0.005134750157594681,0.4021894633769989,2649,0.007145697250962257,
24.0,0.40237754583358765,11,0.005677222274243832,0.40237754583358765,2699,0.00768911000341177,
,,11,,,2735,,0.006253312341868877
22.0,0.40212157368659973,12,0.005498838610947132,0.40212157368659973,2749,0.007509446702897549,
22.0,0.40082845091819763,12,0.005840493831783533,0.40082845091819763,2799,0.007844636216759682,
26.0,0.401360422372818,12,0.004420043900609016,0.401360422372818,2849,0.0064268456771969795,
24.0,0.4003273546695709,12,0.0051973722875118256,0.4003273546695709,2899,0.007199008949100971,
23.0,0.40096500515937805,12,0.005948950536549091,0.40096500515937805,2949,0.00795377604663372,
,,12,,,2963,,0.0061174556612968445
21.0,0.4008875787258148,13,0.004907654598355293,0.4008875787258148,2999,0.006912092678248882,
27.0,0.4008290469646454,13,0.004605731461197138,0.4008290469646454,3049,0.00660987664014101,
24.0,0.40042969584465027,13,0.004864812828600407,0.40042969584465027,3099,0.0068669612519443035,
21.0,0.40013593435287476,13,0.005738487467169762,0.40013593435287476,3149,0.00773916719481349,
,,13,,,3191,,0.006176400929689407
21.0,0.4009859263896942,14,0.0057694376446306705,0.4009859263896942,3199,0.007774366997182369,
22.0,0.4000912010669708,14,0.0052228765562176704,0.4000912010669708,3249,0.007223332300782204,
23.0,0.40074241161346436,14,0.0050318301655352116,0.40074241161346436,3299,0.007035542279481888,
16.0,0.4014870226383209,14,0.006740143056958914,0.4014870226383209,3349,0.008747577667236328,
29.0,0.40096932649612427,14,0.0061238594353199005,0.40096932649612427,3399,0.008128706365823746,
,,14,,,3419,,0.0061392588540911674
19.0,0.40081050992012024,15,0.006870735436677933,0.40081050992012024,3449,0.008874787949025631,
24.0,0.4009561836719513,15,0.0049576107412576675,0.4009561836719513,3499,0.006962391547858715,
18.0,0.4009879529476166,15,0.005005877465009689,0.4009879529476166,3549,0.007010817527770996,
22.0,0.40066224336624146,15,0.005479708313941956,0.40066224336624146,3599,0.00748301949352026,
,,15,,,3647,,0.0060158115811645985
18.0,0.4005376100540161,16,0.005973088089376688,0.4005376100540161,3649,0.007975775748491287,
20.0,0.40053442120552063,16,0.006520821712911129,0.40053442120552063,3699,0.008523494005203247,
25.0,0.4001549780368805,16,0.00517816049978137,0.4001549780368805,3749,0.007178935222327709,
20.0,0.39994850754737854,16,0.006428918801248074,0.39994850754737854,3799,0.008428661152720451,
19.0,0.40030816197395325,16,0.0056554400362074375,0.40030816197395325,3849,0.007656980771571398,
,,16,,,3875,,0.005837271921336651
29.0,0.3997565805912018,17,0.004842326510697603,0.3997565805912018,3899,0.00684110913425684,
25.0,0.3999279737472534,17,0.005798220634460449,0.3999279737472534,3949,0.007797860540449619,
23.0,0.4011295437812805,17,0.004244505427777767,0.4011295437812805,3999,0.006250153295695782,
25.0,0.40032950043678284,17,0.004518820438534021,0.40032950043678284,4049,0.006520467810332775,
27.0,0.400450199842453,17,0.004244753159582615,0.400450199842453,4099,0.0062470040284097195,
,,17,,,4103,,0.005959490314126015
22.0,0.40071743726730347,18,0.004385049920529127,0.40071743726730347,4149,0.006388637237250805,
28.0,0.4009133279323578,18,0.005225155036896467,0.4009133279323578,4199,0.007229721639305353,
25.0,0.4003538489341736,18,0.0036418968811631203,0.4003538489341736,4249,0.005643665790557861,
19.0,0.3997901678085327,18,0.006079510319977999,0.3997901678085327,4299,0.00807846151292324,
,,18,,,4331,,0.005576502066105604
22.0,0.40012603998184204,19,0.005171086173504591,0.40012603998184204,4349,0.007171716541051865,
16.0,0.3994109034538269,19,0.006218423135578632,0.3994109034538269,4399,0.00821547769010067,
19.0,0.3991783857345581,19,0.0055601284839212894,0.3991783857345581,4449,0.0075560202822089195,
13.0,0.39924246072769165,19,0.008713011629879475,0.39924246072769165,4499,0.01070922426879406,
25.0,0.4001416862010956,19,0.0038264994509518147,0.4001416862010956,4549,0.005827208049595356,
,,19,,,4559,,0.0056220004335045815
22.0,0.4002498686313629,20,0.0055651431903243065,0.4002498686313629,4599,0.007566392421722412,
22.0,0.40003520250320435,20,0.004659723024815321,0.40003520250320435,4649,0.006659898906946182,
23.0,0.39953914284706116,20,0.004347925074398518,0.39953914284706116,4699,0.006345620844513178,
26.0,0.3999083936214447,20,0.005007885862141848,0.3999083936214447,4749,0.007007427513599396,
,,20,,,4787,,0.005616239737719297
26.0,0.39988404512405396,21,0.0044152624905109406,0.39988404512405396,4799,0.006414682604372501,
21.0,0.3993590772151947,21,0.004485341254621744,0.3993590772151947,4849,0.006482136435806751,
18.0,0.39933329820632935,21,0.006940796505659819,0.39933329820632935,4899,0.008937463164329529,
25.0,0.3990987241268158,21,0.00490290904417634,0.3990987241268158,4949,0.006898402702063322,
21.0,0.3988683521747589,21,0.005145207978785038,0.3988683521747589,4999,0.007139549590647221,
,,21,,,5015,,0.005445288494229317
21.0,0.39892059564590454,22,0.005800601560622454,0.39892059564590454,5049,0.007795204408466816,
22.0,0.3991509675979614,22,0.004719080403447151,0.3991509675979614,5099,0.006714835297316313,
24.0,0.3988882005214691,22,0.004032250493764877,0.3988882005214691,5149,0.006026691757142544,
29.0,0.3985089957714081,22,0.003876530332490802,0.3985089957714081,5199,0.0058690751902759075,
,,22,,,5243,,0.005482212640345097
28.0,0.3987695872783661,23,0.004526885692030191,0.3987695872783661,5249,0.0065207332372665405,
21.0,0.39850834012031555,23,0.004389215260744095,0.39850834012031555,5299,0.006381756626069546,
20.0,0.3987490236759186,23,0.00494407769292593,0.3987490236759186,5349,0.006937822792679071,
23.0,0.39877450466156006,23,0.0043608685955405235,0.39877450466156006,5399,0.0063547408208251,
16.0,0.3984627425670624,23,0.006487880367785692,0.3984627425670624,5449,0.00848019402474165,
,,23,,,5471,,0.0049729435704648495
21.0,0.3986203670501709,24,0.003958860412240028,0.3986203670501709,5499,0.005951962433755398,
23.0,0.39803367853164673,24,0.00451246090233326,0.39803367853164673,5549,0.00650262925773859,
20.0,0.3981893062591553,24,0.0054428670555353165,0.3981893062591553,5599,0.007433813530951738,
20.0,0.3988676965236664,24,0.006169220432639122,0.3988676965236664,5649,0.008163558319211006,
20.0,0.3986057639122009,24,0.006144296377897263,0.3986057639122009,5699,0.008137324824929237,
,,24,,,5699,,0.0050519718788564205
20.0,0.3985903263092041,25,0.006308513227850199,0.3985903263092041,5749,0.008301464840769768,
22.0,0.39881640672683716,25,0.00488250283524394,0.39881640672683716,5799,0.0068765850737690926,
18.0,0.39889317750930786,25,0.0060590836219489574,0.39889317750930786,5849,0.008053549565374851,
28.0,0.3987714350223541,25,0.0044738734140992165,0.3987714350223541,5899,0.006467730738222599,
,,25,,,5927,,0.004976448602974415
24.0,0.39776355028152466,26,0.004801582079380751,0.39776355028152466,5949,0.0067903995513916016,
26.0,0.3977354168891907,26,0.004676074720919132,0.3977354168891907,5999,0.0066647520288825035,
25.0,0.3972964584827423,26,0.003778774058446288,0.3972964584827423,6049,0.005765256471931934,
12.0,0.3970366418361664,26,0.008902565576136112,0.3970366418361664,6099,0.010887748561799526,
24.0,0.3969600200653076,26,0.003980605397373438,0.3969600200653076,6149,0.005965405143797398,
,,26,,,6155,,0.004981566686183214
26.0,0.3978206217288971,27,0.004126851912587881,0.3978206217288971,6199,0.006115955300629139,
21.0,0.3969327211380005,27,0.0039384267292916775,0.3969327211380005,6249,0.005923090502619743,
23.0,0.39714518189430237,27,0.0054359897039830685,0.39714518189430237,6299,0.007421715650707483,
21.0,0.3970673084259033,27,0.004996839445084333,0.3970673084259033,6349,0.006982175633311272,
,,27,,,6383,,0.004951355047523975
21.0,0.39721381664276123,28,0.005043361335992813,0.39721381664276123,6399,0.007029430475085974,
27.0,0.3965589702129364,28,0.0044697062112390995,0.3965589702129364,6449,0.006452500820159912,
21.0,0.3972298800945282,28,0.004556616768240929,0.3972298800945282,6499,0.0065427664667367935,
26.0,0.3964594900608063,28,0.004195286426693201,0.3964594900608063,6549,0.006177583709359169,
26.0,0.39615893363952637,28,0.0052511258982121944,0.39615893363952637,6599,0.00723192049190402,
,,28,,,6611,,0.0051786149851977825
26.0,0.39522042870521545,29,0.005030400585383177,0.39522042870521545,6649,0.007006502710282803,
27.0,0.39499714970588684,29,0.0038958799559623003,0.39499714970588684,6699,0.005870865657925606,
19.0,0.3950103521347046,29,0.006573841441422701,0.3950103521347046,6749,0.00854889303445816,
20.0,0.3955414891242981,29,0.005926389247179031,0.3955414891242981,6799,0.007904096506536007,
,,29,,,6839,,0.004847812000662088
16.0,0.3948434591293335,30,0.005753241945058107,0.3948434591293335,6849,0.007727459073066711,
18.0,0.3950790464878082,30,0.005304868798702955,0.3950790464878082,6899,0.007280264049768448,
20.0,0.3950517475605011,30,0.004683593288064003,0.3950517475605011,6949,0.0066588521003723145,
23.0,0.3947376608848572,30,0.004409853368997574,0.3947376608848572,6999,0.006383541971445084,
26.0,0.3940950036048889,30,0.003886882681399584,0.3940950036048889,7049,0.005857357755303383,
,,30,,,7067,,0.0047958483919501305
18.0,0.39378970861434937,31,0.005217254161834717,0.39378970861434937,7099,0.007186202332377434,
23.0,0.39360755681991577,31,0.005352412350475788,0.39360755681991577,7149,0.0073204501532018185,
21.0,0.39321640133857727,31,0.004213268868625164,0.39321640133857727,7199,0.006179350893944502,
22.0,0.3931315541267395,31,0.004321716260164976,0.3931315541267395,7249,0.006287374068051577,
,,31,,,7295,,0.005111640319228172
25.0,0.39231136441230774,32,0.0034994203597307205,0.39231136441230774,7299,0.005460977088660002,
26.0,0.39231735467910767,32,0.0046233367174863815,0.39231735467910767,7349,0.006584923714399338,
22.0,0.39199841022491455,32,0.004902238491922617,0.39199841022491455,7399,0.006862230598926544,
24.0,0.39286988973617554,32,0.00346725364215672,0.39286988973617554,7449,0.005431602708995342,
22.0,0.3921104371547699,32,0.0037214315962046385,0.3921104371547699,7499,0.005681983660906553,
,,32,,,7523,,0.005014490801841021
24.0,0.3915930390357971,33,0.005129973404109478,0.3915930390357971,7549,0.007087938487529755,
25.0,0.3904913663864136,33,0.004429851192981005,0.3904913663864136,7599,0.006382307969033718,
23.0,0.39058831334114075,33,0.003736841259524226,0.39058831334114075,7649,0.005689783021807671,
23.0,0.39095181226730347,33,0.0034774327650666237,0.39095181226730347,7699,0.0054321917705237865,
22.0,0.39077797532081604,33,0.003933141939342022,0.39077797532081604,7749,0.005887031555175781,
,,33,,,7751,,0.004909812472760677
27.0,0.389816015958786,34,0.004266377072781324,0.389816015958786,7799,0.006215456873178482,
23.0,0.38919588923454285,34,0.0038640699349343777,0.38919588923454285,7849,0.00581004936248064,
14.0,0.3882891535758972,34,0.007704571355134249,0.3882891535758972,7899,0.009646017104387283,
20.0,0.3884029984474182,34,0.003880281699821353,0.3884029984474182,7949,0.005822296719998121,
,,34,,,7979,,0.0048586586490273476
23.0,0.3880981504917145,35,0.005227379966527224,0.3880981504917145,7999,0.00716787064447999,
20.0,0.38787856698036194,35,0.005112532060593367,0.38787856698036194,8049,0.007051924709230661,
18.0,0.3874424993991852,35,0.004980773199349642,0.3874424993991852,8099,0.006917985621839762,
27.0,0.38758113980293274,35,0.003949029836803675,0.38758113980293274,8149,0.005886935628950596,
23.0,0.38802874088287354,35,0.003280016826465726,0.38802874088287354,8199,0.005220160353928804,
,,35,,,8207,,0.004828452132642269
27.0,0.3878064453601837,36,0.0034005490597337484,0.3878064453601837,8249,0.005339581519365311,
25.0,0.38769465684890747,36,0.0035470377188175917,0.38769465684890747,8299,0.005485510919243097,
26.0,0.38770705461502075,36,0.004135606810450554,0.38770705461502075,8349,0.006074142176657915,
21.0,0.38690367341041565,36,0.003989809658378363,0.38690367341041565,8399,0.005924328230321407,
,,36,,,8435,,0.00484984926879406
17.0,0.3869800865650177,37,0.0050338259898126125,0.3869800865650177,8449,0.0069687264040112495,
23.0,0.3871305286884308,37,0.0042890324257314205,0.3871305286884308,8499,0.0062246848829090595,
21.0,0.3863711655139923,37,0.005602919030934572,0.3863711655139923,8549,0.007534774951636791,
22.0,0.3867731988430023,37,0.004646501503884792,0.3867731988430023,8599,0.006580367684364319,
17.0,0.3866819739341736,37,0.006470503285527229,0.3866819739341736,8649,0.008403913117945194,
,,37,,,8663,,0.004783486481755972
20.0,0.3862392008304596,38,0.0038513767067342997,0.3862392008304596,8699,0.00578257255256176,
18.0,0.3861317038536072,38,0.004827053751796484,0.3861317038536072,8749,0.0067577119916677475,
20.0,0.3857951760292053,38,0.005857720039784908,0.3857951760292053,8799,0.007786695845425129,
23.0,0.3858368992805481,38,0.0039496952667832375,0.3858368992805481,8849,0.005878879688680172,
,,38,,,8891,,0.004745807033032179
21.0,0.3853083550930023,39,0.004649961832910776,0.3853083550930023,8899,0.006576503627002239,
24.0,0.38502267003059387,39,0.005239604972302914,0.38502267003059387,8949,0.007164718117564917,
19.0,0.384777694940567,39,0.004345592577010393,0.384777694940567,8999,0.006269481033086777,
28.0,0.38480809330940247,39,0.0031716797966510057,0.38480809330940247,9049,0.005095720291137695,
25.0,0.3847373127937317,39,0.004867031704634428,0.3847373127937317,9099,0.00679071806371212,
,,39,,,9119,,0.005001123994588852
22.0,0.3848981559276581,40,0.0034827091731131077,0.3848981559276581,9149,0.0054072001948952675,
17.0,0.38434410095214844,40,0.004191301297396421,0.38434410095214844,9199,0.0061130216345191,
18.0,0.38416245579719543,40,0.005521747749298811,0.38416245579719543,9249,0.00744256004691124,
24.0,0.3836425244808197,40,0.004280589986592531,0.3836425244808197,9299,0.006198802497237921,
,,40,,,9347,,0.004928548354655504
21.0,0.38318896293640137,41,0.004880692344158888,0.38318896293640137,9349,0.006796637084335089,
22.0,0.38253316283226013,41,0.004901949781924486,0.38253316283226013,9399,0.006814615800976753,
27.0,0.3825629949569702,41,0.004067385569214821,0.3825629949569702,9449,0.005980200599879026,
17.0,0.3822159469127655,41,0.004874533507972956,0.3822159469127655,9499,0.006785613484680653,
24.0,0.38182947039604187,41,0.003690616926178336,0.38182947039604187,9549,0.005599764175713062,
,,41,,,9575,,0.004803599324077368
25.0,0.38142630457878113,42,0.0041580949909985065,0.38142630457878113,9599,0.006065226625651121,
18.0,0.3806587755680084,42,0.005102792754769325,0.3806587755680084,9649,0.0070060864090919495,
19.0,0.3808503746986389,42,0.00412119971588254,0.3808503746986389,9699,0.006025451701134443,
20.0,0.38011083006858826,42,0.0046117366291582584,0.38011083006858826,9749,0.006512290798127651,
23.0,0.3800758421421051,42,0.004440351389348507,0.3800758421421051,9799,0.006340730469673872,
,,42,,,9803,,0.004750795196741819
24.0,0.3794991672039032,43,0.004645300097763538,0.3794991672039032,9849,0.006542795803397894,
23.0,0.3792315423488617,43,0.003402096452191472,0.3792315423488617,9899,0.005298254080116749,
21.0,0.37843742966651917,43,0.0036900986451655626,0.37843742966651917,9949,0.005582285579293966,
18.0,0.37841418385505676,43,0.0047247144393622875,0.37841418385505676,9999,0.006616785190999508,
,,43,,,10031,,0.004743996076285839
21.0,0.37748807668685913,44,0.0041765132918953896,0.37748807668685913,10049,0.006063953507691622,
25.0,0.377224326133728,44,0.004000397864729166,0.377224326133728,10099,0.005886519327759743,
21.0,0.3767401874065399,44,0.004167384468019009,0.3767401874065399,10149,0.00605108542367816,
18.0,0.3756985068321228,44,0.005550726782530546,0.3756985068321228,10199,0.00742921931669116,
22.0,0.375929594039917,44,0.004396910313516855,0.375929594039917,10249,0.00627655815333128,
,,44,,,10259,,0.004732874687761068
22.0,0.37520697712898254,45,0.005253976676613092,0.37520697712898254,10299,0.007130011450499296,
22.0,0.3750048279762268,45,0.0041830213740468025,0.3750048279762268,10349,0.0060580456629395485,
19.0,0.3745516538619995,45,0.0048610433004796505,0.3745516538619995,10399,0.006733801681548357,
20.0,0.3740483820438385,45,0.004359700251370668,0.3740483820438385,10449,0.006229942198842764,
,,45,,,10487,,0.0046611567959189415
22.0,0.3733593225479126,46,0.004910581279546022,0.3733593225479126,10499,0.006777377799153328,
17.0,0.3726179301738739,46,0.005779010243713856,0.3726179301738739,10549,0.007642099633812904,
20.0,0.3722633421421051,46,0.004125864244997501,0.3722633421421051,10599,0.005987180862575769,
20.0,0.3716220259666443,46,0.003983302041888237,0.3716220259666443,10649,0.005841412115842104,
17.0,0.3711974620819092,46,0.004997193813323975,0.3711974620819092,10699,0.006853180937469006,
,,46,,,10715,,0.004621151834726334
23.0,0.3710018992424011,47,0.003361952491104603,0.3710018992424011,10749,0.0052169617265462875,
19.0,0.37045809626579285,47,0.0042663090862333775,0.37045809626579285,10799,0.006118599325418472,
20.0,0.37012770771980286,47,0.004003256559371948,0.37012770771980286,10849,0.0058538950979709625,
18.0,0.3701680898666382,47,0.0041514509357512,0.3701680898666382,10899,0.006002291105687618,
,,47,,,10943,,0.004644330590963364
22.0,0.36977678537368774,48,0.003811699105426669,0.36977678537368774,10949,0.0056605832651257515,
15.0,0.3693215548992157,48,0.0065701971761882305,0.3693215548992157,10999,0.008416805416345596,
27.0,0.3695089519023895,48,0.0034550440032035112,0.3695089519023895,11049,0.005302588455379009,
18.0,0.3690325617790222,48,0.005426000338047743,0.3690325617790222,11099,0.007271163165569305,
26.0,0.36818695068359375,48,0.004085107706487179,0.36818695068359375,11149,0.005926042329519987,
,,48,,,11171,,0.004736155271530151
17.0,0.3677290081977844,49,0.004954148083925247,0.3677290081977844,11199,0.006792793050408363,
20.0,0.3679143190383911,49,0.0050837318412959576,0.3679143190383911,11249,0.006923303473740816,
23.0,0.36777594685554504,49,0.0040717399679124355,0.36777594685554504,11299,0.005910619627684355,
25.0,0.3669012784957886,49,0.0035906019620597363,0.3669012784957886,11349,0.0054251085966825485,
27.0,0.3663579225540161,49,0.004115010146051645,0.3663579225540161,11399,0.005946799647063017,
,,49,,,11399,,0.0044569899328053
19.0,0.36638134717941284,50,0.0039010834880173206,0.36638134717941284,11449,0.005732990335673094,
19.0,0.36579832434654236,50,0.004480034578591585,0.36579832434654236,11499,0.006309025920927525,
23.0,0.3658019006252289,50,0.004466937389224768,0.3658019006252289,11549,0.006295946892350912,
18.0,0.36591318249702454,50,0.0049438741989433765,0.36591318249702454,11599,0.006773440167307854,
,,50,,,11627,,0.004528855439275503
22.0,0.36516785621643066,51,0.003845572005957365,0.36516785621643066,11649,0.005671411287039518,
17.0,0.3647950291633606,51,0.004424561746418476,0.3647950291633606,11699,0.0062485369853675365,
15.0,0.3647219240665436,51,0.004442472942173481,0.3647219240665436,11749,0.006266082637012005,
21.0,0.3642418086528778,51,0.004814876709133387,0.3642418086528778,11799,0.006636085920035839,
23.0,0.3638359606266022,51,0.004273345693945885,0.3638359606266022,11849,0.00609252555295825,
,,51,,,11855,,0.004494686145335436
23.0,0.36327528953552246,52,0.0039143553003668785,0.36327528953552246,11899,0.005730731878429651,
19.0,0.3626575767993927,52,0.0043920064345002174,0.3626575767993927,11949,0.006205294281244278,
13.0,0.36175063252449036,52,0.005124284420162439,0.36175063252449036,11999,0.006933037657290697,
25.0,0.36160415410995483,52,0.003827878274023533,0.36160415410995483,12049,0.0056358990259468555,
,,52,,,12083,,0.004348321817815304
26.0,0.3614236116409302,53,0.003655192907899618,0.3614236116409302,12099,0.005462311208248138,
16.0,0.3608500361442566,53,0.005157223902642727,0.3608500361442566,12149,0.006961474195122719,
14.0,0.36084386706352234,53,0.005760313011705875,0.36084386706352234,12199,0.007564532570540905,
20.0,0.36016732454299927,53,0.004201148636639118,0.36016732454299927,12249,0.006001985166221857,
22.0,0.35988911986351013,53,0.004091045819222927,0.35988911986351013,12299,0.005890491418540478,
,,53,,,12311,,0.004353933501988649
23.0,0.35940638184547424,54,0.00372454640455544,0.35940638184547424,12349,0.005521578248590231,
20.0,0.3586529791355133,54,0.004567105323076248,0.3586529791355133,12399,0.006360370200127363,
25.0,0.35802629590034485,54,0.004513911437243223,0.35802629590034485,12449,0.0063040428794920444,
19.0,0.35760781168937683,54,0.005642065778374672,0.35760781168937683,12499,0.007430104538798332,
,,54,,,12539,,0.0044753351248800755
20.0,0.35720983147621155,55,0.005218166392296553,0.35720983147621155,12549,0.007004215382039547,
20.0,0.35723039507865906,55,0.004538500681519508,0.35723039507865906,12599,0.006324652582406998,
22.0,0.3573582172393799,55,0.0039567952044308186,0.3573582172393799,12649,0.005743586458265781,
24.0,0.3567934036254883,55,0.004029006231576204,0.3567934036254883,12699,0.005812973249703646,
21.0,0.3567790687084198,55,0.003807300003245473,0.3567790687084198,12749,0.005591195076704025,
,,55,,,12767,,0.004399307072162628
22.0,0.3564266562461853,56,0.004226332996040583,0.3564266562461853,12799,0.006008466240018606,
19.0,0.3557761609554291,56,0.003741948865354061,0.3557761609554291,12849,0.00552082946524024,
22.0,0.3552422821521759,56,0.0032765280921012163,0.3552422821521759,12899,0.005052739288657904,
23.0,0.3553229868412018,56,0.0038016140460968018,0.3553229868412018,12949,0.005578229203820229,
,,56,,,12995,,0.004414670635014772
21.0,0.3548332154750824,57,0.004067679867148399,0.3548332154750824,12999,0.0058418456465005875,
22.0,0.35385310649871826,57,0.003337618662044406,0.35385310649871826,13049,0.005106884054839611,
16.0,0.3542512059211731,57,0.005037859547883272,0.3542512059211731,13099,0.006809115409851074,
20.0,0.3536125421524048,57,0.004203747026622295,0.3536125421524048,13149,0.005971809849143028,
21.0,0.3535368740558624,57,0.003994717728346586,0.3535368740558624,13199,0.005762401968240738,
,,57,,,13223,,0.004436301067471504
24.0,0.3532896637916565,58,0.004789778031408787,0.3532896637916565,13249,0.006556226406246424,
23.0,0.35302042961120605,58,0.0041027492843568325,0.35302042961120605,13299,0.005867851432412863,
23.0,0.35263028740882874,58,0.003944259136915207,0.35263028740882874,13349,0.005707410629838705,
25.0,0.35227787494659424,58,0.003478654893115163,0.35227787494659424,13399,0.005240044090896845,
24.0,0.35188594460487366,58,0.003987444564700127,0.35188594460487366,13449,0.005746874026954174,
,,58,,,13451,,0.0043505108915269375
20.0,0.35130712389945984,59,0.003784417873248458,0.35130712389945984,13499,0.005540953483432531,
19.0,0.35086536407470703,59,0.003653131192550063,0.35086536407470703,13549,0.005407458171248436,
22.0,0.35047873854637146,59,0.003882030490785837,0.35047873854637146,13599,0.005634424276649952,
17.0,0.35016390681266785,59,0.004254928324371576,0.35016390681266785,13649,0.006005747709423304,
,,59,,,13679,,0.004277884494513273
19.0,0.350137323141098,60,0.003909701015800238,0.350137323141098,13699,0.005660387687385082,
22.0,0.349670946598053,60,0.0035288191866129637,0.349670946598053,13749,0.0052771735936403275,
22.0,0.34951743483543396,60,0.0038622627034783363,0.34951743483543396,13799,0.005609849933534861,
25.0,0.34900811314582825,60,0.003701276844367385,0.34900811314582825,13849,0.005446317605674267,
20.0,0.34893715381622314,60,0.0046373093500733376,0.34893715381622314,13899,0.006381995044648647,
,,60,,,13907,,0.004288861993700266
22.0,0.34846606850624084,61,0.004617704544216394,0.34846606850624084,13949,0.006360034924000502,
24.0,0.34794288873672485,61,0.0036145197227597237,0.34794288873672485,13999,0.005354234017431736,
17.0,0.34764745831489563,61,0.004254370927810669,0.34764745831489563,14049,0.005992608144879341,
18.0,0.3474341034889221,61,0.0043058451265096664,0.3474341034889221,14099,0.006043015513569117,
,,61,,,14135,,0.004404230508953333
22.0,0.3468573987483978,62,0.004934603348374367,0.3468573987483978,14149,0.006668890360742807,
22.0,0.3466152250766754,62,0.004335849080234766,0.3466152250766754,14199,0.0060689253732562065,
21.0,0.3463658392429352,62,0.005037032533437014,0.3463658392429352,14249,0.006768861785531044,
20.0,0.3462793827056885,62,0.003825828433036804,0.3462793827056885,14299,0.005557225085794926,
21.0,0.34579238295555115,62,0.004055761732161045,0.34579238295555115,14349,0.005784723442047834,
,,62,,,14363,,0.003970284014940262
18.0,0.3455098569393158,63,0.004485711455345154,0.3455098569393158,14399,0.006213260814547539,
18.0,0.3449553847312927,63,0.004032410215586424,0.3449553847312927,14449,0.0057571870274841785,
24.0,0.34468188881874084,63,0.004896398168057203,0.34468188881874084,14499,0.006619807332754135,
15.0,0.3443167507648468,63,0.004506089724600315,0.3443167507648468,14549,0.006227673497051001,
,,63,,,14591,,0.003957278095185757
15.0,0.3435596525669098,64,0.0038436262402683496,0.3435596525669098,14599,0.005561424419283867,
22.0,0.3433263897895813,64,0.003049618797376752,0.3433263897895813,14649,0.0047662509605288506,
21.0,0.3432352840900421,64,0.0043962737545371056,0.3432352840900421,14699,0.006112450268119574,
20.0,0.3427407741546631,64,0.0038605614099651575,0.3427407741546631,14749,0.005574265494942665,
22.0,0.3423725664615631,64,0.004981214180588722,0.3423725664615631,14799,0.006693076808005571,
,,64,,,14819,,0.003926639445126057
22.0,0.3420014977455139,65,0.0036936397664248943,0.3420014977455139,14849,0.0054036471992731094,
20.0,0.3414303660392761,65,0.004387822467833757,0.3414303660392761,14899,0.0060949744656682014,
19.0,0.3412590026855469,65,0.004635323770344257,0.3412590026855469,14949,0.006341618485748768,
23.0,0.34122154116630554,65,0.004255994688719511,0.34122154116630554,14999,0.005962102208286524,
,,65,,,15047,,0.003950657323002815
17.0,0.34083715081214905,66,0.003954855725169182,0.34083715081214905,15049,0.005659041460603476,
22.0,0.3404266834259033,66,0.0032844902016222477,0.3404266834259033,15099,0.004986623302102089,
20.0,0.3398476839065552,66,0.003112655831500888,0.3398476839065552,15149,0.0048118941485881805,
16.0,0.33946192264556885,66,0.006078171078115702,0.33946192264556885,15199,0.007775480858981609,
14.0,0.3391841650009155,66,0.005114307627081871,0.3391841650009155,15249,0.00681022834032774,
,,66,,,15275,,0.003846341511234641
18.0,0.33887746930122375,67,0.003929843660444021,0.33887746930122375,15299,0.0056242309510707855,
19.0,0.3385825455188751,67,0.004936078563332558,0.3385825455188751,15349,0.006628991104662418,
20.0,0.3381500840187073,67,0.005115588195621967,0.3381500840187073,15399,0.006806338671594858,
21.0,0.3380177915096283,67,0.005646775010973215,0.3380177915096283,15449,0.007336863782256842,
23.0,0.337588369846344,67,0.0034631602466106415,0.337588369846344,15499,0.005151102319359779,
,,67,,,15503,,0.0038932692259550095
15.0,0.33706316351890564,68,0.005848172586411238,0.33706316351890564,15549,0.00753348832949996,
21.0,0.33682242035865784,68,0.0033497707918286324,0.33682242035865784,15599,0.005033882800489664,
14.0,0.3362956941127777,68,0.005156472325325012,0.3362956941127777,15649,0.006837951019406319,
20.0,0.3357584774494171,68,0.003527761436998844,0.3357584774494171,15699,0.005206553731113672,
,,68,,,15731,,0.0039013840723782778
18.0,0.335403710603714,69,0.005421556066721678,0.335403710603714,15749,0.007098574656993151,
21.0,0.33517029881477356,69,0.004562900867313147,0.33517029881477356,15799,0.006238752044737339,
16.0,0.3347790539264679,69,0.004315761849284172,0.3347790539264679,15849,0.005989657249301672,
18.0,0.3349877595901489,69,0.004112874623388052,0.3349877595901489,15899,0.005787813104689121,
15.0,0.3343105614185333,69,0.004294230602681637,0.3343105614185333,15949,0.0059657832607626915,
,,69,,,15959,,0.0038140963297337294
22.0,0.33408135175704956,70,0.0033464315347373486,0.33408135175704956,15999,0.005016838200390339,
20.0,0.33356377482414246,70,0.004556463100016117,0.33356377482414246,16049,0.006224282085895538,
22.0,0.3329762816429138,70,0.003684536088258028,0.3329762816429138,16099,0.005349417217075825,
22.0,0.33267349004745483,70,0.0035826717503368855,0.33267349004745483,16149,0.005246039014309645,
,,70,,,16187,,0.003852257039397955
19.0,0.33245763182640076,71,0.00344540411606431,0.33245763182640076,16199,0.005107692442834377,
20.0,0.3323590159416199,71,0.004388922359794378,0.3323590159416199,16249,0.006050717551261187,
20.0,0.3316718637943268,71,0.004542343784123659,0.3316718637943268,16299,0.006200702860951424,
22.0,0.3317417502403259,71,0.003281953278928995,0.3317417502403259,16349,0.004940662067383528,
18.0,0.33141976594924927,71,0.00359575217589736,0.33141976594924927,16399,0.00525285117328167,
,,71,,,16415,,0.0037490190006792545
21.0,0.3310677111148834,72,0.0038695104885846376,0.3310677111148834,16449,0.0055248490534722805,
20.0,0.33068493008613586,72,0.004082150757312775,0.33068493008613586,16499,0.005735575221478939,
18.0,0.3305286467075348,72,0.003764169756323099,0.3305286467075348,16549,0.005416812840849161,
20.0,0.33009663224220276,72,0.003925173543393612,0.33009663224220276,16599,0.005575656890869141,
,,72,,,16643,,0.003828218439593911
22.0,0.3295133709907532,73,0.003222916042432189,0.3295133709907532,16649,0.004870482720434666,
20.0,0.32949596643447876,73,0.0034211890306323767,0.32949596643447876,16699,0.005068669095635414,
14.0,0.32910990715026855,73,0.004424356855452061,0.32910990715026855,16749,0.006069906521588564,
15.0,0.3286788761615753,73,0.0042277914471924305,0.3286788761615753,16799,0.0058711860328912735,
20.0,0.3284602761268616,73,0.0044823093339800835,0.3284602761268616,16849,0.006124610546976328,
,,73,,,16871,,0.003746567526832223
17.0,0.328100323677063,74,0.0037477496080100536,0.328100323677063,16899,0.005388251040130854,
21.0,0.327889084815979,74,0.0033741293009370565,0.327889084815979,16949,0.005013574846088886,
18.0,0.32748275995254517,74,0.00343228573910892,0.32748275995254517,16999,0.005069699604064226,
21.0,0.3268996775150299,74,0.0033865005243569613,0.3268996775150299,17049,0.0050209988839924335,
20.0,0.32647743821144104,74,0.0037161640357226133,0.32647743821144104,17099,0.005348551087081432,
,,74,,,17099,,0.0037165391258895397
21.0,0.3262784779071808,75,0.005840818397700787,0.3262784779071808,17149,0.007472210563719273,
18.0,0.32552170753479004,75,0.003711466211825609,0.32552170753479004,17199,0.00533907487988472,
18.0,0.3249245285987854,75,0.004150329623371363,0.3249245285987854,17249,0.005774952471256256,
18.0,0.32457563281059265,75,0.0035498167853802443,0.32457563281059265,17299,0.005172695033252239,
,,75,,,17327,,0.0037222520913928747
20.0,0.32405051589012146,76,0.0031450758688151836,0.32405051589012146,17349,0.004765328485518694,
19.0,0.32373809814453125,76,0.0037852213717997074,0.32373809814453125,17399,0.0054039116948843,
17.0,0.32342836260795593,76,0.00504700792953372,0.32342836260795593,17449,0.006664149463176727,
17.0,0.32324403524398804,76,0.0038415209855884314,0.32324403524398804,17499,0.0054577412083745,
23.0,0.3229336440563202,76,0.0037411628291010857,0.3229336440563202,17549,0.0053558312356472015,
,,76,,,17555,,0.0037010912783443928
15.0,0.32284578680992126,77,0.00511377165094018,0.32284578680992126,17599,0.006728000473231077,
13.0,0.32233914732933044,77,0.005204112268984318,0.32233914732933044,17649,0.006815807893872261,
20.0,0.3223438560962677,77,0.003988341428339481,0.3223438560962677,17699,0.005600060801953077,
18.0,0.32197341322898865,77,0.0040450203232467175,0.32197341322898865,17749,0.005654887296259403,
,,77,,,17783,,0.003699491498991847
17.0,0.32184121012687683,78,0.004981847479939461,0.32184121012687683,17799,0.006591053679585457,
23.0,0.32120078802108765,78,0.003305429592728615,0.32120078802108765,17849,0.004911433439701796,
18.0,0.3206854462623596,78,0.004168260842561722,0.3206854462623596,17899,0.005771688185632229,
17.0,0.32050302624702454,78,0.0041110278107225895,0.32050302624702454,17949,0.005713542923331261,
18.0,0.3200598955154419,78,0.00412091426551342,0.3200598955154419,17999,0.005721213761717081,
,,78,,,18011,,0.003792030969634652
17.0,0.319934606552124,79,0.004525324329733849,0.319934606552124,18049,0.006124997511506081,
18.0,0.31968653202056885,79,0.005727243609726429,0.31968653202056885,18099,0.007325676269829273,
19.0,0.3192411959171295,79,0.003642117138952017,0.3192411959171295,18149,0.0052383230067789555,
23.0,0.31878653168678284,79,0.0035019763745367527,0.31878653168678284,18199,0.005095908883959055,
,,79,,,18239,,0.0037069381214678288
15.0,0.31847670674324036,80,0.003947335761040449,0.31847670674324036,18249,0.0055397190153598785,
22.0,0.31806260347366333,80,0.0031056557781994343,0.31806260347366333,18299,0.0046959687024354935,
17.0,0.31748220324516296,80,0.004234840627759695,0.31748220324516296,18349,0.005822251550853252,
21.0,0.3170301020145416,80,0.004226072691380978,0.3170301020145416,18399,0.005811223294585943,
19.0,0.3167863190174103,80,0.003981664311140776,0.3167863190174103,18449,0.00556559581309557,
,,80,,,18467,,0.0036818557418882847
19.0,0.3163958489894867,81,0.004020493943244219,0.3163958489894867,18499,0.005602473393082619,
18.0,0.31600838899612427,81,0.004243920091539621,0.31600838899612427,18549,0.005823961924761534,
20.0,0.3156641721725464,81,0.0035841669887304306,0.3156641721725464,18599,0.005162487737834454,
20.0,0.3152334988117218,81,0.0036666742525994778,0.3152334988117218,18649,0.00524284178391099,
,,81,,,18695,,0.00369049608707428
20.0,0.31486350297927856,82,0.004175977781414986,0.31486350297927856,18699,0.005750295240432024,
19.0,0.3148082196712494,82,0.003722837660461664,0.3148082196712494,18749,0.005296878516674042,
13.0,0.3143971562385559,82,0.004082639701664448,0.3143971562385559,18799,0.005654625594615936,
14.0,0.3143790662288666,82,0.004974938463419676,0.3143790662288666,18849,0.006546833552420139,
15.0,0.31402403116226196,82,0.004658527206629515,0.31402403116226196,18899,0.006228647194802761,
,,82,,,18923,,0.0036784298717975616
16.0,0.3139646649360657,83,0.003533843206241727,0.3139646649360657,18949,0.005103666335344315,
14.0,0.31388187408447266,83,0.004914437886327505,0.31388187408447266,18999,0.00648384727537632,
13.0,0.31332412362098694,83,0.0053075384348630905,0.31332412362098694,19049,0.006874158978462219,
20.0,0.31297820806503296,83,0.0036555929109454155,0.31297820806503296,19099,0.005220483988523483,
22.0,0.3124490976333618,83,0.0038530612364411354,0.3124490976333618,19149,0.005415306426584721,
,,83,,,19151,,0.0037060834001749754
16.0,0.31189075112342834,84,0.0045819529332220554,0.31189075112342834,19199,0.006141406483948231,
20.0,0.3114940822124481,84,0.004251031205058098,0.3114940822124481,19249,0.0058085015043616295,
14.0,0.31106284260749817,84,0.00467010959982872,0.31106284260749817,19299,0.006225423887372017,
16.0,0.3103148937225342,84,0.005916469264775515,0.3103148937225342,19349,0.007468043826520443,
,,84,,,19379,,0.003641289658844471
21.0,0.310087651014328,85,0.003972240723669529,0.310087651014328,19399,0.0055226790718734264,
18.0,0.3096882402896881,85,0.003960189409554005,0.3096882402896881,19449,0.005508630536496639,
19.0,0.3095349371433258,85,0.004216467961668968,0.3095349371433258,19499,0.005764142610132694,
19.0,0.309001624584198,85,0.0033736948389559984,0.309001624584198,19549,0.004918702878057957,
23.0,0.30865010619163513,85,0.0032824184745550156,0.30865010619163513,19599,0.004825668875128031,
,,85,,,19607,,0.0036479835398495197
16.0,0.30836591124534607,86,0.006074132397770882,0.30836591124534607,19649,0.007615962065756321,
16.0,0.30834776163101196,86,0.003306034719571471,0.30834776163101196,19699,0.004847773350775242,
15.0,0.30816927552223206,86,0.004022352863103151,0.30816927552223206,19749,0.005563199054449797,
22.0,0.3081142008304596,86,0.004687096457928419,0.3081142008304596,19799,0.006227667443454266,
,,86,,,19835,,0.0035897488705813885
14.0,0.30772873759269714,87,0.004128735046833754,0.30772873759269714,19849,0.005667378660291433,
17.0,0.3073318302631378,87,0.003889085492119193,0.3073318302631378,19899,0.005425744690001011,
22.0,0.30692192912101746,87,0.004340341314673424,0.30692192912101746,19949,0.005874950904399157,
20.0,0.30673232674598694,87,0.004000908695161343,0.30673232674598694,19999,0.005534570198506117,
18.0,0.30645617842674255,87,0.0030791680328547955,0.30645617842674255,20049,0.004611448850482702,
,,87,,,20063,,0.0035533858463168144
17.0,0.306312620639801,88,0.003969480749219656,0.306312620639801,20099,0.0055010439828038216,
16.0,0.30604052543640137,88,0.004061998799443245,0.30604052543640137,20149,0.005592201370745897,
17.0,0.30590781569480896,88,0.004171670414507389,0.30590781569480896,20199,0.005701209418475628,
13.0,0.30558615922927856,88,0.004954787436872721,0.30558615922927856,20249,0.006482718046754599,
,,88,,,20291,,0.0035992686171084642
18.0,0.30536314845085144,89,0.003804815700277686,0.30536314845085144,20299,0.005331631284207106,
15.0,0.30509892106056213,89,0.004491802770644426,0.30509892106056213,20349,0.0060172975063323975,
23.0,0.30456799268722534,89,0.003379525849595666,0.30456799268722534,20399,0.004902365617454052,
14.0,0.30450913310050964,89,0.003964207135140896,0.30450913310050964,20449,0.005486752837896347,
16.0,0.30423739552497864,89,0.003731727134436369,0.30423739552497864,20499,0.005252914037555456,
,,89,,,20519,,0.003551775123924017
20.0,0.3038724362850189,90,0.003102073911577463,0.3038724362850189,20549,0.004621435888111591,
15.0,0.3035643398761749,90,0.003543479135259986,0.3035643398761749,20599,0.005061300937086344,
19.0,0.3030557930469513,90,0.0034901010803878307,0.3030557930469513,20649,0.005005380138754845,
16.0,0.3031887114048004,90,0.0042423103004693985,0.3031887114048004,20699,0.005758253857493401,
,,90,,,20747,,0.003581388620659709
21.0,0.3029267489910126,91,0.0037035716231912374,0.3029267489910126,20749,0.0052182055078446865,
18.0,0.30265572667121887,91,0.0037097246386110783,0.30265572667121887,20799,0.005223003216087818,
17.0,0.30260539054870605,91,0.0032330190297216177,0.30260539054870605,20849,0.004746045917272568,
17.0,0.30239754915237427,91,0.003949264995753765,0.30239754915237427,20899,0.005461252760142088,
19.0,0.3020985722541809,91,0.0036881344858556986,0.3020985722541809,20949,0.00519862724468112,
,,91,,,20975,,0.0035474898759275675
17.0,0.30208736658096313,92,0.0033436398953199387,0.30208736658096313,20999,0.004854076541960239,
19.0,0.30189111828804016,92,0.00355783780105412,0.30189111828804016,21049,0.005067293532192707,
17.0,0.3012979328632355,92,0.0047174678184092045,0.3012979328632355,21099,0.006223957519978285,
17.0,0.30099228024482727,92,0.003766995621845126,0.30099228024482727,21149,0.005271957255899906,
15.0,0.3007468283176422,92,0.0044743032194674015,0.3007468283176422,21199,0.005978037603199482,
,,92,,,21203,,0.0035954276099801064
19.0,0.3005256652832031,93,0.0034411277156323195,0.3005256652832031,21249,0.0049437559209764,
17.0,0.30044007301330566,93,0.0035188777837902308,0.30044007301330566,21299,0.005021078046411276,
19.0,0.300238698720932,93,0.004105189815163612,0.300238698720932,21349,0.0056063830852508545,
16.0,0.2999410331249237,93,0.003947088960558176,0.2999410331249237,21399,0.005446793977171183,
,,93,,,21431,,0.0036198534071445465
16.0,0.29946038126945496,94,0.00332749355584383,0.29946038126945496,21449,0.0048247952945530415,
18.0,0.29904666543006897,94,0.0038925285916775465,0.29904666543006897,21499,0.005387761630117893,
17.0,0.2986004650592804,94,0.0033050663769245148,0.2986004650592804,21549,0.004798068664968014,
17.0,0.2984964847564697,94,0.004239864181727171,0.2984964847564697,21599,0.005732346326112747,
18.0,0.2982312738895416,94,0.0038562424015253782,0.2982312738895416,21649,0.005347398575395346,
,,94,,,21659,,0.003527412423864007
20.0,0.2980201840400696,95,0.004714393522590399,0.2980201840400696,21699,0.006204494275152683,
17.0,0.29758602380752563,95,0.0038285620976239443,0.29758602380752563,21749,0.005316492170095444,
15.0,0.2973930537700653,95,0.003258894197642803,0.2973930537700653,21799,0.004745859652757645,
18.0,0.2970999479293823,95,0.0035625570453703403,0.2970999479293823,21849,0.005048056598752737,
,,95,,,21887,,0.0032917349599301815
16.0,0.2968352138996124,96,0.0037641755770891905,0.2968352138996124,21899,0.005248351488262415,
18.0,0.2965090572834015,96,0.0037343399599194527,0.2965090572834015,21949,0.005216885358095169,
16.0,0.2961972951889038,96,0.0038158930838108063,0.2961972951889038,21999,0.005296879447996616,
19.0,0.29578346014022827,96,0.0035479546058923006,0.29578346014022827,22049,0.005026871804147959,
19.0,0.29516568779945374,96,0.004208224359899759,0.29516568779945374,22099,0.0056840525940060616,
,,96,,,22115,,0.00332584697753191
15.0,0.29482224583625793,97,0.004291297402232885,0.29482224583625793,22149,0.005765408743172884,
15.0,0.2946736514568329,97,0.00380717939697206,0.2946736514568329,22199,0.005280547775328159,
18.0,0.2946127653121948,97,0.0038315923884510994,0.2946127653121948,22249,0.005304655991494656,
16.0,0.29437047243118286,97,0.0035216931719332933,0.29437047243118286,22299,0.0049935453571379185,
,,97,,,22343,,0.003300040727481246
22.0,0.2939949333667755,98,0.0042462535202503204,0.2939949333667755,22349,0.005716227926313877,
18.0,0.293639212846756,98,0.0030457843095064163,0.293639212846756,22399,0.004513980355113745,
20.0,0.2933861017227173,98,0.00433741370216012,0.2933861017227173,22449,0.005804344080388546,
14.0,0.29318302869796753,98,0.0052711800672113895,0.29318302869796753,22499,0.006737095303833485,
18.0,0.2929338812828064,98,0.0037711893673986197,0.2929338812828064,22549,0.005235858727246523,
,,98,,,22571,,0.0033007028978317976
15.0,0.29273006319999695,99,0.003671375336125493,0.29273006319999695,22599,0.005135025829076767,
17.0,0.2922910153865814,99,0.0035490079317241907,0.2922910153865814,22649,0.005010462831705809,
18.0,0.29224035143852234,99,0.004105458967387676,0.29224035143852234,22699,0.005566660780459642,
17.0,0.2919715940952301,99,0.003365400480106473,0.2919715940952301,22749,0.004825258627533913,
16.0,0.2916346788406372,99,0.0047010802663862705,0.2916346788406372,22799,0.006159253418445587,
,,99,,,22799,,0.003298406722024083
